course_code,course_name,category,author,year,year_confidence,tags,display_title,original_filename
H09D9A,Management Challenges in the Chemical Industry,Samenvattingen,,2023 - 2024,fallback,,Management Challenges In The Chemical Industry MCCI Prof Dejaeger (lukas Hiel),Management_Challenges_in_the_Chemical_Industry_(H09D9A)_--_MCCI_Prof._Dejaeger_(Lukas_Hiel).pdf
H01N8A,Machine Design: Machine Elements,Samenvattingen,,2021 - 2022,medium,,Reconstructie Seminarie Veren 2022,Reconstructie seminarie veren 2022.docx
H01N2A,Energy Conversion Machines and Systems,Samenvattingen,,2023 - 2024,medium,Lesnotities,Vochtige Lucht Klimaatregeling H10,vochtige_lucht_klimaatregeling_H10.pdf
H01N0A,Motion and Vibrations,Oefenzittingen,,2011 - 2012,fallback,Code / Script,Start,start.m
H08W4A,Fluid mechanics,Oefenzittingen,,2019 - 2020,fallback,Oplossing,Problem 1 10,Problem 1.10.pdf
H08W4A,Fluid mechanics,Oefenzittingen,,2019 - 2020,fallback,Oplossing,Problem 3 78,Problem 3.78.pdf
H08W4A,Fluid mechanics,Oefenzittingen,,2019 - 2020,fallback,Oplossing,Problem 5 03,Problem 5.03.pdf
H08W4A,Fluid mechanics,Oefenzittingen,,2019 - 2020,fallback,Oplossing,Problem 7 56,Problem 7.56.pdf
H08W4A,Fluid mechanics,Oefenzittingen,,2019 - 2020,fallback,Oplossing,Problem 9 012,Problem 9.012.pdf
H08W4A,Fluid mechanics,Oefenzittingen,,2019 - 2020,fallback,Oplossing,Problem 10 59,Problem 10.59.pdf
H08U5A,Kwantummechanica,Samenvattingen,,2017 - 2018,fallback,,KM Samenvatting Introduction To Quantum Mechanics 2nd Ed,KM_Samenvatting - Introduction to Quantum Mechanics 2nd Ed.pdf
H01M5A,Halfgeleidercomponenten,Samenvattingen,,2012 - 2013,fallback,,Hgc Wikis,hgc wikis.docx
H01L4A,Digitale en analoge communicatie,Oefenzittingen,,2012 - 2013,fallback,Code / Script,E5 004,E5_004.M
H01L6A,Digital Signal Processing,Oefenzittingen,,2022 - 2023,medium,,3 06,3-06.pdf
H01M5A,Halfgeleidercomponenten,Oefenzittingen,Nick Hosewol,2024 - 2025,fallback,Slides,Part 6 – CMOS Process Technology Nick Hosewol,Part 6 – CMOS process technology -  Nick Hosewol.pdf
H04A4A,"Electrical Drives; Advanced Topics in Electrical Machines, including Implementation Aspects",Oefenzittingen,,2010 - 2011,fallback,Deel 2,Verslag Joepdriesen,Verslag_JoepDriesen.pdf
H01B0B,Toegepaste mechanica 1,Oefenzittingen,,2018 - 2019,fallback,Handgeschreven / Scan,B1,B1.jpg
H04S6A,Mechanical Drive Systems,Oefenzittingen,,2011 - 2012,high,Handgeschreven / Scan,Foto 11 12 14 18 51 39,Foto 11-12-14 18 51 39.jpg
H0N75B,Constructie van gebouwen: prestatie-analyse,Samenvattingen,,2017 - 2018,fallback,Handgeschreven / Scan,Scan0004,Scan0004.jpg
H01S4C,Westerse architectuurtheorie: inleiding,Samenvattingen,Daan Van,2014 - 2015,high,,29 Daan Van Cauteren,29_Daan Van Cauteren.pdf
H01S4C,Westerse architectuurtheorie: inleiding,Samenvattingen,,2018 - 2019,high,,27 Vanparysberten 27 Paper Architectuurtheorie2,27_VanparysBerten_27_Paper_ArchitectuurTheorie2.pdf
H01U3C,Computationeel ontwerpen,Oefenzittingen,,2020 - 2021,low,"Code / Script, Oplossing",Distort Random Chance Solution,distort_random_chance_solution.py
H01S4C,Westerse architectuurtheorie: inleiding,Samenvattingen,,2012 - 2013,high,Slides,C123 Archtheorie 121129 6,c123 archtheorie 121129-6.pdf
H01A8A,Algemene en technische scheikunde,Oefenzittingen,,2014 - 2015,high,Handgeschreven / Scan,WP 20150813 005,WP_20150813_005.jpg
H01B0B,Toegepaste mechanica 1,Oefenzittingen,,2017 - 2018,fallback,"Handgeschreven / Scan, Oplossing",Mechanica009,mechanica009.jpg
H06U1A,Artificial Intelligence,Samenvattingen,,2007 - 2008,fallback,,Heuristicsearch,heuristicsearch.tex
G0Q43A,Computernetwerken,Oefenzittingen,,2013 - 2014,fallback,Deel 1,Gnuplot,gnuplot.txt
H01P5B,Computerarchitectuur en systeemsoftware,Oefenzittingen,,2023 - 2024,low,Oplossing,Oefenz2 Oplossing,Oefenz2 Oplossing.pdf
G0Q43A,Computernetwerken,Samenvattingen,,2013 - 2014,medium,Slides,11 2014 Network 1 B,11-2014-Network-1_b.pdf
H03Y1A,Theory of Elasticity and Plasticity,Samenvattingen,,2022 - 2023,high,"Slides, Theorie",EP Slides C9 Plate Theory,EP_slides_C9_-_Plate_theory.pdf
H0R74A,Aircraft Materials,Oefenzittingen,,2017 - 2018,fallback,Handgeschreven / Scan,Img427,img427.jpg
H04S6A,Mechanical Drive Systems,Examens,,2018 - 2019,medium,,MDS PH Testexam 2019 2020 Solutions,MDS_PH_Testexam_2019-2020_solutions.pdf
H03Y1A,Theory of Elasticity and Plasticity,Oefenzittingen,Pieter Smet,2022 - 2023,fallback,"Handgeschreven / Scan, Theorie",Pot En 1 (Pieter Smet),pot en 1.jpg
H04X3B,Systems and Control Theory,Oefenzittingen,,2017 - 2018,fallback,"Code / Script, Theorie",NXT Getcurrentprogramname,NXT_GetCurrentProgramName.m
H04U3A,Numerical Modelling in Mechanical Engineering,Oefenzittingen,Nick Hosewol,2024 - 2025,fallback,"Code / Script, Oplossing",Fem Result (Nick Hosewol),fem_result.mat
H04X3B,Systems and Control Theory,Samenvattingen,,2017 - 2018,fallback,Theorie,Helptoc,helptoc.xml
H04X3B,Systems and Control Theory,Samenvattingen,,2017 - 2018,fallback,Theorie,Btconnect,btconnect
H04X3B,Systems and Control Theory,Samenvattingen,,2017 - 2018,fallback,Theorie,Opencompass,OpenCompass.html
H01H3B,Bouwfysica,Samenvattingen,,2020 - 2021,high,,02 Samenvatting Hoofdstuk 2,02. Samenvatting hoofdstuk 2.pdf
H01M3A,Elektronische basisschakelingen,Examens,,2006 - 2007,high,"Deel 1, Januari",Examen 2007 Jan,Examen_2007_jan.pdf
H01J9A,Chemische reactorkunde en bioreactorkunde,Oefenzittingen,,2011 - 2012,fallback,"Deel 1, Handgeschreven / Scan","Oz 3, Oef 5","oz 3, oef 5.jpg"
H01K7A,Scheidingsprocessen,Oefenzittingen,,2014 - 2015,low,"Deel 2, Oplossing",Oefening 4,Oefening 4.pdf
H0P86A,Bouwakoestiek,Oefenzittingen,,2016 - 2017,high,Handgeschreven / Scan,20161107 142630,20161107_142630.jpg
H03T3A,Zaalakoestiek en lichttechniek,Oefenzittingen,,2018 - 2019,low,Verslag / Project,B2 Absorptieennagalmtijd,B2_AbsorptieEnNagalmtijd.xlsx
H08Z2A,Structures and Microstructures of Materials,Oefenzittingen,,2009 - 2010,fallback,Slides,Oefenzitting 1 Inleiding Kristallografie,Oefenzitting 1 - Inleiding kristallografie.ppt
G0B01A,Intellectual Property Management,Samenvattingen,,2022 - 2023,low,"Lesnotities, Slides",1 Inleiding Tot Het Recht,1 - Inleiding tot het recht.pdf
H0S49A,Materials Modelling and Simulation Techniques,Examens,,2025 - 2026,fallback,"Deel 2, Opgave (Blanco)",Nanoscale Exam Questions,Nanoscale Exam Questions.pdf
H0V01A,Selected Topics in Engineering: Athens I,Oefenzittingen,,2019 - 2020,medium,,Sol Exce 19(1),sol-excE-19(1).pdf
H0V01A,Selected Topics in Engineering: Athens I,Samenvattingen,,2017 - 2018,fallback,,MOPL,MOPL.pdf
H01A0B,"Analyse, deel 1",Samenvattingen,,2009 - 2010,high,Deel 1,Samenvatting 2009 2010 (laurens De Poorter),Samenvatting 2009-2010 (Laurens De Poorter).pdf
H01B0B,Toegepaste mechanica 1,Oefenzittingen,,2019 - 2020,high,"Deel 1, Oplossing",Oplossingen Mechanica 2019 2020 | Marian Van Alphen,Oplossingen Mechanica 2019-2020 | Marian Van Alphen.pdf
H01D0B,Inleiding tot de materiaalkunde,Oefenzittingen,,2015 - 2016,fallback,Deel 2,Oefeningen Breukmechanica Oplossingsmethode,Oefeningen_breukmechanica_oplossingsmethode.pdf
H01D7B,Economie,Examens,,2012 - 2013,fallback,,Examen C,Examen C.pdf
H01B0B,Toegepaste mechanica 1,Samenvattingen,,2017 - 2018,fallback,"Deel 1, Handgeschreven / Scan",26734074 1998491660167474 5520867171130087197 N,26734074_1998491660167474_5520867171130087197_n.jpg
H01A8A,Algemene en technische scheikunde,TTT's,,2013 - 2014,high,"Deel 1, Opgave (Blanco)",TTT 2013 Theorie (opgave),TTT 2013 Theorie (Opgave).pdf
H01B0B,Toegepaste mechanica 1,Oefenzittingen,,2021 - 2022,fallback,Deel 1,Werkcollege TM Nick Hosewol,Werkcollege TM - Nick Hosewol.pdf
H01A2B,"Analyse, deel 2",Examens,,2018 - 2019,low,"Deel 2, Reconstructie / Vragen",Examenvragen Analyse 2,Examenvragen Analyse 2.docx
H01B6B,Methodiek van de informatica,Samenvattingen,Thijs Peirelinck,2011 - 2012,fallback,Deel 2,Queens (Thijs Peirelinck),Queens.ctxt
H01C6A,Organische scheikunde,Examens,,2009 - 2010,high,,Examen 2010 01 29,Examen 2010-01-29.pdf
H01C6A,Organische scheikunde,Oefenzittingen,,2020 - 2021,fallback,"Deel 3, Handgeschreven / Scan",Zelftest 4 Deel 3,Zelftest 4 Deel 3.png
H08W0A,"Analyse, deel 3",Examens,,2024 - 2025,high,,Analyse Examen 20jan 2025,Analyse Examen 20jan 2025.pdf
H01A2B,"Analyse, deel 2",Oefenzittingen,,2018 - 2019,low,"Code / Script, Deel 2, Oplossing",Oef 11 6,oef 11.6.mw
H01B6B,Methodiek van de informatica,Oefenzittingen,,2018 - 2019,low,"Code / Script, Deel 2, Oplossing",S08e11 Robots Solution(4),S08E11_robots_solution(4).py
H08W0A,"Analyse, deel 3",Oefenzittingen,,2012 - 2013,high,Modeloplossing,OZ3 4 Modeloplossing,OZ3.4 Modeloplossing.pdf
H01B6B,Methodiek van de informatica,Examens,,2016 - 2017,low,"Code / Script, Deel 2",Complexiteit Count In Sorted Oplossing,complexiteit_count_in_sorted_OPLOSSING.py
H06T2A,Process Control in the Chemical Industry,TTT's,,2019 - 2020,high,,Midterm Test 2019 2020 (willem De Brandt),Midterm test 2019 - 2020 (Willem De Brandt).pdf
H05D7A,Computer-Aided IC Design,Samenvattingen,,2005 - 2006,medium,,ALPS Gecco 2006,ALPS GECCO 2006.pdf
H06A3A,Analog and Mixed-Signal Electronics for Signal Processing,Oefenzittingen,,2019 - 2020,fallback,,Power Amplifiers,Power amplifiers.pdf
H09K1A,Design of Digital Integrated Circuits,Samenvattingen,,2018 - 2019,fallback,,Main Base Bundle Optj9gjjfxqwanrffshx9q Js,main-base.bundle.OPtJ9GJjFXqWanRfFSHx9Q.js.download
H05A0A,Analysis of Digital Communication Systems,Oefenzittingen,,2002 - 2003,low,Handgeschreven / Scan,Photo 01 12 14 10 43 58,Photo 01-12-14 10 43 58.jpg
H09G2A,Integrated Problem Solving in Energy,Oefenzittingen,,2016 - 2017,fallback,Deel 1,Formulas,Formulas.docx
H0H00A,Thermal Systems,Examens,,2017 - 2018,high,Deel 2,Thermische Systemen En Energiebeheer (h00q0a) Exam Thermal Systems And Energy Management 13 Juni 2018 1529929158,Thermische_systemen_en_energiebeheer_(H00Q0A)_--_Exam_Thermal_Systems_And_Energy_Management_-13_juni_2018.1529929158.pdf
H09G2A,Integrated Problem Solving in Energy,Oefenzittingen,,2015 - 2016,high,"Deel 1, Handgeschreven / Scan, Oplossing",IMG 20151018 005905,IMG_20151018_005905.jpg
H9X34A,Numerical Methods in Energy Sciences,Oefenzittingen,,2018 - 2019,fallback,"Code / Script, Deel 1, Oplossing",Stability,stability.m
H03U4A,Biomaterials,Samenvattingen,Hannelore Mussen,2024 - 2025,high,,Biomaterials Anki Flashcards (2024 2025) (Hannelore Mussen),Biomaterials Anki Flashcards (2024 - 2025).apkg
H07S3A,Theory of Elasticity and Plasticity,Examens,,2018 - 2019,fallback,Handgeschreven / Scan,102,102.JPG
H01T3C,Informatica,Oefenzittingen,,2017 - 2018,fallback,Handgeschreven / Scan,Telop,telOp.PNG
H01T3C,Informatica,Oefenzittingen,,2023 - 2024,fallback,Code / Script,Oefening 6,oefening_6.py
H0N65B,Inleiding tot gegevensbanken,Samenvattingen,,2021 - 2022,high,Slides,Elmasri 12 Images,elmasri_12_images.ppt
H0N65B,Inleiding tot gegevensbanken,Samenvattingen,,2021 - 2022,high,Slides,Gb2015 06 SQL2 En Relationele Calculus,GB2015 - 06 SQL2 en relationele calculus.pdf
H04Z8A,Aircraft Engines,Oefenzittingen,,2017 - 2018,fallback,Handgeschreven / Scan,Aircraft Engines Oefenzitting 9 002,Aircraft engines oefenzitting 9_002.jpg
H0H06A,Sterkteleer 2,Samenvattingen,,2017 - 2018,fallback,,Sterkteleer 3 Oefz 1,Sterkteleer 3 - Oefz 1.pdf
H0M70A,Mechanics,Oefenzittingen,,2017 - 2018,fallback,,Stereonet 1,stereonet 1.pdf
H04M9A,Dynamica van constructies,Samenvattingen,,2023 - 2024,fallback,,Summary Chapter 6,Summary chapter 6.pdf
H00K1A,Engineering Economy,Oefenzittingen,,2022 - 2023,high,Oplossing,2 Solution,2 - Solution.pdf
H03G3B,Deterministic and Stochastic Integration Techniques,Samenvattingen,,2021 - 2022,high,,Classnotes Stochastic Part (veronique Lenaerts 2021 2022),Classnotes stochastic part (Veronique Lenaerts 2021-2022).pdf
H0M72A,"Electricity, Magnetism and Waves",Oefenzittingen,,2006 - 2007,low,,21 Magnetischevelden 21,21_MagnetischeVelden_21.pdf
H01J4A,Materials Characterisation Techniques I,Examens,,2022 - 2023,fallback,Deel 2,Old Exam Questions Part 2 Roxanne Baeten,Old exam questions_part 2_Roxanne Baeten.pdf
H0N05A,Modelling of Complex Systems,Examens,,2012 - 2013,high,,2013 01 14,2013-01-14.pdf
H04K5A,Development of Secure Software,Samenvattingen,,2017 - 2018,fallback,,Communication Security,Communication security.txt
H02C6A,Data Mining,Oefenzittingen,,2019 - 2020,fallback,,Bikes,bikes.ipynb
H01D2D,Informatieoverdracht en -verwerking,Examens,,2019 - 2020,high,,Examen IOV 10 01 2020,examen-IOV-10-01-2020.docx
H0M70A,Mechanics,Oefenzittingen,Ruben Cartuyvels,2015 - 2016,fallback,,Oefeningen (ruben Cartuyvels),Oefeningen (Ruben Cartuyvels).pdf
H09M0A,P&D Information Systems and Signal Processing,Samenvattingen,,2013 - 2014,high,Slides,MIA6 Imageregistration Slides,MIA6-ImageRegistration_slides.pdf
H01Q8A,cvg3,Samenvattingen,,2024 - 2025,fallback,,Details Cvg Bram Verbelen,details cvg_Bram Verbelen.pdf
H08T9A,Hydraulica,Samenvattingen,,2021 - 2022,high,,Samenvatting Hoofdstuk IV,Samenvatting hoofdstuk IV.pdf
H01O2A,Landscape Architecture,Samenvattingen,Catherin Szanto,2020 - 2021,fallback,Lesnotities,5 Catherin Szanto III Laatste Les,5 Catherin Szanto III - Laatste les.docx
D0M15A,Decision Making,Oefenzittingen,,2018 - 2019,fallback,"Deel 1, Oplossing",Exercise Session 8 Solutions,exercise session 8 solutions.pdf
H01J6A,E&P,Oefenzittingen,,2008 - 2009,fallback,Oplossing,Oplossingen 6,Oplossingen_6.PDF
H01S0A,Management accounting,Oefenzittingen,,2018 - 2019,fallback,Opgave (Blanco),Oefeningen KUL Les6b,Oefeningen_KUL_les6b.pdf
