Degree Library,Path,Filename,Size (KB),Extension
Ma - Chemical Engineering,/Presentatie_template.pptx,Presentatie_template.pptx,1035.1,pptx
Ma - Biomedical Engineering,/Uitdovend programma (-2022)/ (1).dropbox, (1).dropbox,0.0,dropbox
Ma - Biomedical Engineering,/Uitdovend programma (-2022)/.dropbox,.dropbox,0.0,dropbox
Ma - Biomedical Engineering,/Uitdovend programma (-2022)/desktop (1).ini,desktop (1).ini,0.2,ini
Ma - Biomedical Engineering,/Uitdovend programma (-2022)/www.dropbox.com (1).url,www.dropbox.com (1).url,0.1,url
Ma - Biomedical Engineering,/Uitdovend programma (-2022)/www.dropbox.com.url,www.dropbox.com.url,0.1,url
Ba - Architectuur,/2 BIRA/vakken voor 2020/conventie autocad hatches/UO_beton_in_situ.pat,UO_beton_in_situ.pat,0.8,pat
Ba - Architectuur,/2 BIRA/vakken voor 2020/conventie autocad hatches/UO_beton_prefab.pat,UO_beton_prefab.pat,0.8,pat
Ba - Architectuur,/2 BIRA/vakken voor 2020/conventie autocad hatches/UO_cementgebonden.pat,UO_cementgebonden.pat,0.2,pat
Ba - Architectuur,/2 BIRA/vakken voor 2020/conventie autocad hatches/UO_cementgebonden_isolerend.pat,UO_cementgebonden_isolerend.pat,0.1,pat
Ba - Architectuur,/2 BIRA/vakken voor 2020/conventie autocad hatches/UO_hout.pat,UO_hout.pat,0.0,pat
Ba - Architectuur,/2 BIRA/vakken voor 2020/conventie autocad hatches/UO_metaal.pat,UO_metaal.pat,0.0,pat
Ba - Architectuur,/2 BIRA/vakken voor 2020/conventie autocad hatches/UO_metselwerk_isolerend.pat,UO_metselwerk_isolerend.pat,0.1,pat
Ba - Architectuur,/2 BIRA/vakken voor 2020/conventie autocad hatches/UO_metselwerk_parement.pat,UO_metselwerk_parement.pat,0.1,pat
Ba - Architectuur,/2 BIRA/vakken voor 2020/conventie autocad hatches/UO_metselwerk_snelbouw.pat,UO_metselwerk_snelbouw.pat,0.1,pat
Ba - Architectuur,/2 BIRA/vakken voor 2020/conventie autocad hatches/UO_natuursteen.pat,UO_natuursteen.pat,0.1,pat
Ba - Architectuur,/2 BIRA/vakken voor 2020/conventie autocad hatches/UO_voegbodem.pat,UO_voegbodem.pat,0.1,pat
"Ma - Nanoscience, -technology and -engineering",/Clusters/a note on cluster subjects.txt,a note on cluster subjects.txt,0.4,txt
Ba - Materiaalkunde,/lessenrooster CHT  - MTM.docx,lessenrooster CHT  - MTM.docx,24.9,docx
Ba - Materiaalkunde,/lessenrooster MTM - WTK.xlsx,lessenrooster MTM - WTK.xlsx,16.6,xlsx
- Wil je bestanden op burgieclan zetten?,/Wil je bestanden op burgieclan zetten ?.pdf,Wil je bestanden op burgieclan zetten ?.pdf,41.2,pdf
